proteome,pathogen_protein,human_protein_count_weak_DRB5_0101,human_protein_epitope_count_weak_DRB5_0101,human_protein_count_very_weak_HLA_DQA10501_DQB10201,human_protein_epitope_count_very_weak_HLA_DQA10501_DQB10201,human_protein_count_weak_DRB1_1101,human_protein_epitope_count_weak_DRB1_1101,human_protein_count_very_weak_DRB1_0301,human_protein_epitope_count_very_weak_DRB1_0301,human_protein_count_weak_DRB3_0101,human_protein_epitope_count_weak_DRB3_0101,human_protein_count_weak_DRB4_0101,human_protein_epitope_count_weak_DRB4_0101,human_protein_count_strong_HLA_DQA10301_DQB10302,human_protein_epitope_count_strong_HLA_DQA10301_DQB10302,human_protein_count_very_weak_DRB1_0405,human_protein_epitope_count_very_weak_DRB1_0405,human_protein_count_All,human_protein_epitope_count_All,human_protein_count_weak_HLA_DPA10201_DPB10101,human_protein_epitope_count_weak_HLA_DPA10201_DPB10101,human_protein_count_very_weak_DRB1_0802,human_protein_epitope_count_very_weak_DRB1_0802,human_protein_count_weak_HLA_DQA10101_DQB10501,human_protein_epitope_count_weak_HLA_DQA10101_DQB10501,human_protein_count_weak_DRB1_0301,human_protein_epitope_count_weak_DRB1_0301,human_protein_count_very_weak_DRB1_0901,human_protein_epitope_count_very_weak_DRB1_0901,human_protein_count_strong_DRB1_0901,human_protein_epitope_count_strong_DRB1_0901,human_protein_count_strong_DRB1_0405,human_protein_epitope_count_strong_DRB1_0405,human_protein_count_very_weak_HLA_DPA10201_DPB10101,human_protein_epitope_count_very_weak_HLA_DPA10201_DPB10101,human_protein_count_weak_DRB1_1201,human_protein_epitope_count_weak_DRB1_1201,human_protein_count_strong_DRB1_0701,human_protein_epitope_count_strong_DRB1_0701,human_protein_count_weak_DRB1_1302,human_protein_epitope_count_weak_DRB1_1302,human_protein_count_very_weak_DRB1_1501,human_protein_epitope_count_very_weak_DRB1_1501,human_protein_count_very_weak_HLA_DQA10401_DQB10402,human_protein_epitope_count_very_weak_HLA_DQA10401_DQB10402,human_protein_count_strong_DRB1_1501,human_protein_epitope_count_strong_DRB1_1501,human_protein_count_strong_DRB4_0101,human_protein_epitope_count_strong_DRB4_0101,human_protein_count_very_weak_HLA_DQA10301_DQB10302,human_protein_epitope_count_very_weak_HLA_DQA10301_DQB10302,human_protein_count_weak_HLA_DQA10301_DQB10302,human_protein_epitope_count_weak_HLA_DQA10301_DQB10302,human_protein_count_weak_DRB1_0802,human_protein_epitope_count_weak_DRB1_0802,human_protein_count_very_weak_DRB1_0401,human_protein_epitope_count_very_weak_DRB1_0401,human_protein_count_weak_HLA_DQA10501_DQB10201,human_protein_epitope_count_weak_HLA_DQA10501_DQB10201,human_protein_count_weak_DRB1_0405,human_protein_epitope_count_weak_DRB1_0405,human_protein_count_strong_DRB1_1101,human_protein_epitope_count_strong_DRB1_1101,human_protein_count_very_weak_DRB3_0101,human_protein_epitope_count_very_weak_DRB3_0101,human_protein_count_very_weak_HLA_DPA10301_DPB10402,human_protein_epitope_count_very_weak_HLA_DPA10301_DPB10402,human_protein_count_weak_DRB3_0202,human_protein_epitope_count_weak_DRB3_0202,human_protein_count_very_weak_DRB5_0101,human_protein_epitope_count_very_weak_DRB5_0101,human_protein_count_very_weak_HLA_DPA10103_DPB10401,human_protein_epitope_count_very_weak_HLA_DPA10103_DPB10401,human_protein_count_strong_HLA_DQA10501_DQB10301,human_protein_epitope_count_strong_HLA_DQA10501_DQB10301,human_protein_count_strong,human_protein_epitope_count_strong,human_protein_count_very_weak_HLA_DQA10102_DQB10602,human_protein_epitope_count_very_weak_HLA_DQA10102_DQB10602,human_protein_count_strong_HLA_DPA10103_DPB10201,human_protein_epitope_count_strong_HLA_DPA10103_DPB10201,human_protein_count_very_weak_HLA_DPA10103_DPB10201,human_protein_epitope_count_very_weak_HLA_DPA10103_DPB10201,human_protein_count_weak_HLA_DQA10501_DQB10301,human_protein_epitope_count_weak_HLA_DQA10501_DQB10301,human_protein_count_strong_HLA_DQA10102_DQB10602,human_protein_epitope_count_strong_HLA_DQA10102_DQB10602,human_protein_count_strong_HLA_DQA10501_DQB10201,human_protein_epitope_count_strong_HLA_DQA10501_DQB10201,human_protein_count_very_weak_DRB1_0101,human_protein_epitope_count_very_weak_DRB1_0101,human_protein_count_weak,human_protein_epitope_count_weak,human_protein_count_strong_HLA_DPA10201_DPB11401,human_protein_epitope_count_strong_HLA_DPA10201_DPB11401,human_protein_count_strong_DRB3_0202,human_protein_epitope_count_strong_DRB3_0202,human_protein_count_weak_DRB1_0401,human_protein_epitope_count_weak_DRB1_0401,human_protein_count_strong_HLA_DPA10201_DPB10501,human_protein_epitope_count_strong_HLA_DPA10201_DPB10501,human_protein_count_weak_DRB1_1501,human_protein_epitope_count_weak_DRB1_1501,human_protein_count_strong_DRB1_1302,human_protein_epitope_count_strong_DRB1_1302,human_protein_count_very_weak_DRB3_0202,human_protein_epitope_count_very_weak_DRB3_0202,human_protein_count_weak_HLA_DPA10103_DPB10201,human_protein_epitope_count_weak_HLA_DPA10103_DPB10201,human_protein_count_very_weak,human_protein_epitope_count_very_weak,human_protein_count_weak_HLA_DPA10103_DPB10401,human_protein_epitope_count_weak_HLA_DPA10103_DPB10401,human_protein_count_very_weak_DRB1_1101,human_protein_epitope_count_very_weak_DRB1_1101,human_protein_count_very_weak_DRB1_1201,human_protein_epitope_count_very_weak_DRB1_1201,human_protein_count_very_weak_HLA_DQA10101_DQB10501,human_protein_epitope_count_very_weak_HLA_DQA10101_DQB10501,human_protein_count_weak_HLA_DQA10102_DQB10602,human_protein_epitope_count_weak_HLA_DQA10102_DQB10602,human_protein_count_weak_DRB1_0101,human_protein_epitope_count_weak_DRB1_0101,human_protein_count_very_weak_HLA_DPA10201_DPB10501,human_protein_epitope_count_very_weak_HLA_DPA10201_DPB10501,human_protein_count_very_weak_DRB4_0101,human_protein_epitope_count_very_weak_DRB4_0101,human_protein_count_strong_DRB1_0401,human_protein_epitope_count_strong_DRB1_0401,human_protein_count_strong_HLA_DPA10301_DPB10402,human_protein_epitope_count_strong_HLA_DPA10301_DPB10402,human_protein_count_very_weak_DRB1_0701,human_protein_epitope_count_very_weak_DRB1_0701,human_protein_count_strong_DRB1_1201,human_protein_epitope_count_strong_DRB1_1201,human_protein_count_strong_HLA_DQA10401_DQB10402,human_protein_epitope_count_strong_HLA_DQA10401_DQB10402,human_protein_count_weak_HLA_DPA10201_DPB10501,human_protein_epitope_count_weak_HLA_DPA10201_DPB10501,human_protein_count_very_weak_HLA_DQA10501_DQB10301,human_protein_epitope_count_very_weak_HLA_DQA10501_DQB10301,human_protein_count_weak_HLA_DPA10201_DPB11401,human_protein_epitope_count_weak_HLA_DPA10201_DPB11401,human_protein_count_strong_HLA_DPA10201_DPB10101,human_protein_epitope_count_strong_HLA_DPA10201_DPB10101,human_protein_count_strong_DRB1_0301,human_protein_epitope_count_strong_DRB1_0301,human_protein_count_strong_HLA_DPA10103_DPB10401,human_protein_epitope_count_strong_HLA_DPA10103_DPB10401,human_protein_count_strong_DRB1_0101,human_protein_epitope_count_strong_DRB1_0101,human_protein_count_strong_DRB1_0802,human_protein_epitope_count_strong_DRB1_0802,human_protein_count_weak_DRB1_0701,human_protein_epitope_count_weak_DRB1_0701,human_protein_count_weak_HLA_DPA10301_DPB10402,human_protein_epitope_count_weak_HLA_DPA10301_DPB10402,human_protein_count_weak_DRB1_0901,human_protein_epitope_count_weak_DRB1_0901,human_protein_count_strong_DRB3_0101,human_protein_epitope_count_strong_DRB3_0101,human_protein_count_very_weak_HLA_DPA10201_DPB11401,human_protein_epitope_count_very_weak_HLA_DPA10201_DPB11401,human_protein_count_strong_HLA_DQA10101_DQB10501,human_protein_epitope_count_strong_HLA_DQA10101_DQB10501,human_protein_count_strong_DRB5_0101,human_protein_epitope_count_strong_DRB5_0101,human_protein_count_weak_HLA_DQA10401_DQB10402,human_protein_epitope_count_weak_HLA_DQA10401_DQB10402,human_protein_count_very_weak_DRB1_1302,human_protein_epitope_count_very_weak_DRB1_1302
UP000146794,D4N3P2,11.0,13.0,19.0,23.0,11.0,14.0,21.0,24.0,11.0,12.0,3.0,3.0,3.0,5.0,16.0,18.0,115.0,137.0,1.0,1.0,20.0,26.0,2.0,2.0,14.0,16.0,30.0,33.0,0.0,0.0,0.0,0.0,13.0,15.0,3.0,3.0,1.0,1.0,6.0,8.0,12.0,12.0,65.0,78.0,1.0,1.0,0.0,0.0,26.0,30.0,18.0,22.0,11.0,14.0,17.0,21.0,10.0,14.0,0.0,0.0,9.0,11.0,14.0,15.0,7.0,8.0,0.0,0.0,32.0,40.0,7.0,8.0,12.0,15.0,58.0,66.0,47.0,53.0,0.0,0.0,9.0,11.0,38.0,54.0,5.0,7.0,0.0,0.0,18.0,23.0,108.0,128.0,23.0,23.0,0.0,0.0,4.0,6.0,0.0,0.0,4.0,4.0,0.0,0.0,18.0,22.0,4.0,5.0,111.0,133.0,2.0,2.0,16.0,19.0,6.0,6.0,15.0,15.0,12.0,16.0,6.0,8.0,14.0,17.0,15.0,18.0,1.0,1.0,0.0,0.0,9.0,12.0,0.0,0.0,7.0,9.0,8.0,10.0,64.0,80.0,41.0,43.0,0.0,0.0,2.0,2.0,0.0,0.0,0.0,0.0,7.0,9.0,1.0,1.0,1.0,1.0,5.0,7.0,6.0,6.0,50.0,55.0,0.0,0.0,1.0,1.0,15.0,18.0,17.0,19.0
UP000146794,D4N3P3,6.0,7.0,16.0,17.0,35.0,39.0,39.0,45.0,13.0,16.0,5.0,6.0,5.0,5.0,18.0,19.0,132.0,152.0,10.0,10.0,23.0,24.0,5.0,5.0,16.0,19.0,33.0,36.0,0.0,0.0,4.0,4.0,21.0,22.0,16.0,17.0,3.0,4.0,78.0,93.0,24.0,25.0,17.0,18.0,5.0,6.0,1.0,2.0,16.0,17.0,9.0,10.0,7.0,8.0,27.0,30.0,6.0,7.0,6.0,7.0,2.0,2.0,16.0,19.0,17.0,18.0,5.0,5.0,47.0,51.0,24.0,25.0,5.0,5.0,30.0,32.0,23.0,24.0,2.0,2.0,22.0,22.0,17.0,17.0,7.0,7.0,0.0,0.0,25.0,27.0,125.0,145.0,3.0,3.0,3.0,3.0,11.0,12.0,0.0,0.0,17.0,18.0,0.0,0.0,28.0,31.0,7.0,7.0,131.0,151.0,9.0,9.0,79.0,95.0,41.0,48.0,12.0,12.0,15.0,15.0,13.0,14.0,21.0,22.0,25.0,26.0,0.0,0.0,0.0,0.0,28.0,31.0,3.0,3.0,1.0,1.0,3.0,4.0,19.0,19.0,3.0,4.0,0.0,0.0,0.0,0.0,2.0,2.0,0.0,0.0,2.0,2.0,14.0,15.0,10.0,11.0,17.0,18.0,0.0,0.0,22.0,24.0,0.0,0.0,1.0,1.0,8.0,9.0,85.0,101.0
UP000113390,W5ZKF0,16.0,17.0,10.0,10.0,11.0,13.0,22.0,24.0,15.0,16.0,8.0,8.0,2.0,2.0,16.0,18.0,123.0,145.0,6.0,6.0,17.0,19.0,7.0,7.0,13.0,14.0,35.0,37.0,1.0,1.0,3.0,3.0,13.0,13.0,21.0,23.0,4.0,4.0,10.0,10.0,16.0,16.0,40.0,42.0,5.0,5.0,0.0,0.0,11.0,11.0,6.0,6.0,8.0,9.0,20.0,22.0,5.0,5.0,10.0,11.0,0.0,0.0,25.0,26.0,15.0,15.0,12.0,13.0,36.0,38.0,12.0,12.0,7.0,7.0,25.0,27.0,12.0,12.0,0.0,0.0,15.0,15.0,34.0,42.0,0.0,0.0,0.0,0.0,20.0,22.0,83.0,96.0,0.0,0.0,3.0,3.0,12.0,13.0,1.0,1.0,10.0,10.0,0.0,0.0,23.0,25.0,8.0,8.0,101.0,115.0,10.0,10.0,24.0,28.0,35.0,37.0,11.0,11.0,6.0,6.0,16.0,18.0,10.0,10.0,18.0,19.0,6.0,7.0,4.0,4.0,29.0,31.0,0.0,0.0,3.0,3.0,6.0,6.0,41.0,49.0,6.0,6.0,4.0,4.0,5.0,6.0,1.0,1.0,7.0,8.0,3.0,3.0,8.0,8.0,7.0,7.0,7.0,7.0,4.0,4.0,21.0,23.0,1.0,1.0,0.0,0.0,14.0,15.0,18.0,19.0
UP000113390,W5ZKU6,18.0,20.0,21.0,21.0,18.0,20.0,28.0,30.0,8.0,8.0,13.0,13.0,2.0,2.0,29.0,32.0,74.0,78.0,5.0,5.0,27.0,29.0,7.0,7.0,10.0,10.0,20.0,22.0,2.0,2.0,2.0,2.0,32.0,36.0,14.0,16.0,7.0,9.0,26.0,28.0,30.0,33.0,36.0,38.0,7.0,9.0,2.0,2.0,37.0,37.0,21.0,21.0,19.0,21.0,27.0,29.0,5.0,5.0,28.0,31.0,2.0,2.0,30.0,32.0,18.0,20.0,24.0,26.0,22.0,24.0,31.0,34.0,2.0,2.0,31.0,33.0,29.0,31.0,3.0,3.0,24.0,26.0,5.0,5.0,0.0,0.0,0.0,0.0,23.0,25.0,64.0,67.0,6.0,8.0,7.0,7.0,16.0,18.0,0.0,0.0,15.0,17.0,2.0,2.0,25.0,27.0,12.0,14.0,71.0,75.0,6.0,6.0,27.0,29.0,19.0,21.0,23.0,25.0,11.0,11.0,13.0,15.0,22.0,24.0,25.0,27.0,6.0,6.0,0.0,0.0,21.0,23.0,9.0,11.0,4.0,4.0,15.0,17.0,12.0,12.0,10.0,12.0,0.0,0.0,2.0,2.0,2.0,2.0,1.0,1.0,9.0,11.0,11.0,13.0,4.0,4.0,8.0,8.0,6.0,6.0,19.0,21.0,2.0,2.0,2.0,2.0,24.0,26.0,30.0,32.0
UP000464024,P0DTC1,276.0,302.0,494.0,554.0,262.0,292.0,489.0,569.0,230.0,262.0,249.0,269.0,54.0,57.0,532.0,614.0,1889.0,2345.0,140.0,145.0,553.0,648.0,146.0,169.0,228.0,260.0,537.0,613.0,32.0,32.0,71.0,83.0,461.0,516.0,371.0,421.0,41.0,43.0,183.0,212.0,530.0,617.0,549.0,643.0,25.0,29.0,28.0,33.0,574.0,654.0,269.0,294.0,234.0,267.0,590.0,682.0,213.0,230.0,248.0,282.0,70.0,80.0,443.0,507.0,533.0,610.0,213.0,246.0,588.0,695.0,487.0,554.0,84.0,94.0,645.0,749.0,515.0,581.0,23.0,23.0,406.0,449.0,285.0,319.0,62.0,70.0,19.0,20.0,754.0,879.0,1358.0,1635.0,26.0,26.0,57.0,70.0,297.0,345.0,11.0,11.0,203.0,233.0,26.0,38.0,438.0,494.0,185.0,200.0,1634.0,2001.0,182.0,194.0,526.0,616.0,669.0,776.0,421.0,485.0,233.0,263.0,410.0,469.0,415.0,471.0,533.0,611.0,49.0,51.0,25.0,25.0,538.0,610.0,88.0,99.0,55.0,60.0,149.0,157.0,511.0,578.0,189.0,203.0,37.0,37.0,56.0,63.0,34.0,34.0,88.0,94.0,50.0,55.0,249.0,282.0,180.0,192.0,284.0,319.0,65.0,84.0,445.0,491.0,12.0,14.0,49.0,52.0,287.0,320.0,444.0,509.0
UP000464024,P0DTC2,38.0,46.0,112.0,128.0,53.0,62.0,135.0,164.0,62.0,72.0,74.0,85.0,10.0,11.0,162.0,184.0,476.0,536.0,49.0,53.0,146.0,165.0,39.0,41.0,46.0,52.0,179.0,200.0,19.0,24.0,8.0,8.0,93.0,104.0,87.0,97.0,16.0,20.0,59.0,72.0,146.0,167.0,170.0,194.0,12.0,14.0,11.0,16.0,143.0,160.0,67.0,75.0,61.0,72.0,171.0,196.0,57.0,60.0,79.0,90.0,2.0,2.0,144.0,165.0,104.0,116.0,69.0,78.0,122.0,141.0,99.0,108.0,21.0,28.0,156.0,179.0,186.0,213.0,13.0,14.0,92.0,100.0,100.0,117.0,20.0,26.0,4.0,4.0,182.0,203.0,376.0,429.0,17.0,23.0,23.0,25.0,117.0,136.0,6.0,6.0,70.0,82.0,4.0,4.0,137.0,154.0,56.0,63.0,439.0,498.0,52.0,58.0,127.0,145.0,151.0,172.0,102.0,113.0,97.0,111.0,101.0,116.0,73.0,86.0,148.0,167.0,16.0,19.0,9.0,10.0,180.0,205.0,9.0,9.0,18.0,24.0,42.0,46.0,167.0,190.0,65.0,79.0,7.0,7.0,13.0,14.0,17.0,19.0,11.0,11.0,4.0,7.0,97.0,115.0,46.0,51.0,95.0,108.0,19.0,25.0,119.0,139.0,4.0,4.0,13.0,15.0,78.0,94.0,121.0,135.0
UP000464024,P0DTC3,10.0,10.0,25.0,30.0,6.0,6.0,16.0,18.0,11.0,13.0,0.0,0.0,0.0,0.0,64.0,73.0,152.0,167.0,3.0,3.0,51.0,51.0,2.0,2.0,10.0,12.0,69.0,76.0,4.0,4.0,0.0,0.0,16.0,16.0,7.0,7.0,13.0,14.0,4.0,4.0,60.0,66.0,16.0,17.0,0.0,0.0,0.0,0.0,66.0,75.0,3.0,3.0,4.0,4.0,36.0,43.0,0.0,0.0,55.0,62.0,3.0,3.0,24.0,27.0,14.0,14.0,5.0,5.0,23.0,24.0,23.0,23.0,6.0,7.0,21.0,22.0,22.0,23.0,0.0,0.0,55.0,59.0,20.0,21.0,5.0,6.0,0.0,0.0,80.0,91.0,99.0,110.0,0.0,0.0,0.0,0.0,4.0,4.0,0.0,0.0,4.0,4.0,0.0,0.0,20.0,21.0,9.0,9.0,121.0,132.0,4.0,4.0,13.0,13.0,65.0,71.0,9.0,9.0,14.0,15.0,61.0,70.0,8.0,8.0,9.0,9.0,0.0,0.0,0.0,0.0,67.0,74.0,0.0,0.0,0.0,0.0,6.0,6.0,39.0,41.0,7.0,7.0,2.0,2.0,0.0,0.0,2.0,2.0,3.0,3.0,3.0,3.0,16.0,17.0,5.0,5.0,14.0,15.0,3.0,3.0,67.0,74.0,0.0,0.0,1.0,1.0,1.0,1.0,8.0,8.0
UP000464024,P0DTC4,3.0,3.0,8.0,8.0,2.0,2.0,3.0,5.0,5.0,7.0,0.0,0.0,0.0,0.0,8.0,8.0,64.0,85.0,0.0,0.0,5.0,5.0,0.0,0.0,0.0,0.0,10.0,10.0,0.0,0.0,0.0,0.0,2.0,2.0,16.0,16.0,0.0,0.0,3.0,3.0,15.0,15.0,5.0,5.0,3.0,3.0,0.0,0.0,2.0,2.0,0.0,0.0,3.0,3.0,8.0,8.0,2.0,2.0,6.0,6.0,0.0,0.0,11.0,17.0,2.0,2.0,5.0,5.0,7.0,7.0,13.0,16.0,0.0,0.0,9.0,9.0,5.0,5.0,0.0,0.0,9.0,11.0,0.0,0.0,0.0,0.0,0.0,0.0,17.0,18.0,27.0,31.0,0.0,0.0,0.0,0.0,7.0,7.0,0.0,0.0,6.0,6.0,0.0,0.0,11.0,13.0,4.0,5.0,37.0,47.0,7.0,9.0,5.0,5.0,21.0,22.0,0.0,0.0,4.0,4.0,12.0,12.0,1.0,1.0,5.0,5.0,2.0,2.0,0.0,0.0,11.0,11.0,9.0,9.0,0.0,0.0,0.0,0.0,5.0,5.0,0.0,0.0,0.0,0.0,0.0,0.0,0.0,0.0,3.0,3.0,0.0,0.0,6.0,6.0,2.0,2.0,1.0,1.0,0.0,0.0,2.0,2.0,0.0,0.0,0.0,0.0,2.0,2.0,9.0,11.0
UP000464024,P0DTC5,13.0,13.0,26.0,26.0,30.0,33.0,74.0,79.0,20.0,21.0,10.0,10.0,1.0,1.0,18.0,18.0,134.0,143.0,24.0,24.0,41.0,44.0,1.0,1.0,21.0,22.0,23.0,23.0,7.0,7.0,0.0,0.0,43.0,45.0,50.0,53.0,7.0,7.0,14.0,14.0,19.0,19.0,27.0,27.0,3.0,3.0,0.0,0.0,16.0,16.0,2.0,2.0,10.0,10.0,35.0,37.0,2.0,2.0,7.0,7.0,2.0,2.0,26.0,27.0,70.0,76.0,12.0,12.0,22.0,22.0,50.0,52.0,9.0,9.0,21.0,21.0,21.0,21.0,0.0,0.0,57.0,59.0,16.0,16.0,5.0,5.0,0.0,0.0,24.0,24.0,87.0,92.0,0.0,0.0,6.0,6.0,17.0,18.0,0.0,0.0,11.0,11.0,0.0,0.0,24.0,25.0,1.0,1.0,127.0,136.0,2.0,2.0,73.0,78.0,75.0,81.0,9.0,9.0,7.0,7.0,11.0,11.0,60.0,64.0,63.0,67.0,0.0,0.0,0.0,0.0,19.0,19.0,4.0,4.0,0.0,0.0,37.0,39.0,21.0,21.0,8.0,8.0,0.0,0.0,0.0,0.0,0.0,0.0,6.0,6.0,0.0,0.0,13.0,13.0,43.0,45.0,9.0,9.0,0.0,0.0,15.0,15.0,0.0,0.0,4.0,4.0,16.0,16.0,23.0,23.0
UP000464024,P0DTC6,2.0,2.0,6.0,6.0,7.0,7.0,9.0,9.0,1.0,1.0,6.0,6.0,0.0,0.0,0.0,0.0,19.0,19.0,0.0,0.0,7.0,7.0,1.0,1.0,3.0,3.0,0.0,0.0,0.0,0.0,0.0,0.0,0.0,0.0,7.0,7.0,0.0,0.0,6.0,6.0,6.0,6.0,0.0,0.0,0.0,0.0,0.0,0.0,3.0,3.0,3.0,3.0,6.0,6.0,1.0,1.0,4.0,4.0,0.0,0.0,4.0,4.0,9.0,9.0,5.0,5.0,6.0,6.0,9.0,9.0,4.0,4.0,0.0,0.0,6.0,6.0,0.0,0.0,0.0,0.0,6.0,6.0,0.0,0.0,0.0,0.0,0.0,0.0,6.0,6.0,14.0,14.0,0.0,0.0,6.0,6.0,0.0,0.0,0.0,0.0,5.0,5.0,2.0,2.0,6.0,6.0,3.0,3.0,16.0,16.0,0.0,0.0,7.0,7.0,9.0,9.0,1.0,1.0,0.0,0.0,0.0,0.0,5.0,5.0,6.0,6.0,0.0,0.0,0.0,0.0,7.0,7.0,0.0,0.0,0.0,0.0,1.0,1.0,0.0,0.0,0.0,0.0,0.0,0.0,0.0,0.0,0.0,0.0,0.0,0.0,4.0,4.0,2.0,2.0,0.0,0.0,0.0,0.0,0.0,0.0,3.0,3.0,0.0,0.0,0.0,0.0,0.0,0.0,6.0,6.0
UP000464024,P0DTC7,3.0,3.0,7.0,9.0,3.0,3.0,9.0,11.0,4.0,6.0,8.0,10.0,0.0,0.0,4.0,6.0,53.0,65.0,6.0,8.0,6.0,6.0,5.0,7.0,4.0,6.0,2.0,2.0,0.0,0.0,0.0,0.0,15.0,17.0,7.0,7.0,0.0,0.0,2.0,2.0,7.0,7.0,3.0,3.0,2.0,2.0,0.0,0.0,6.0,8.0,2.0,3.0,2.0,2.0,6.0,8.0,4.0,6.0,4.0,6.0,2.0,2.0,6.0,8.0,14.0,16.0,1.0,1.0,16.0,17.0,15.0,17.0,0.0,0.0,4.0,4.0,1.0,1.0,0.0,0.0,14.0,16.0,0.0,0.0,0.0,0.0,0.0,0.0,11.0,13.0,23.0,25.0,0.0,0.0,0.0,0.0,0.0,0.0,0.0,0.0,2.0,2.0,0.0,0.0,3.0,3.0,4.0,4.0,33.0,36.0,8.0,8.0,7.0,7.0,14.0,16.0,13.0,15.0,0.0,0.0,3.0,3.0,17.0,19.0,8.0,10.0,0.0,0.0,0.0,0.0,12.0,12.0,3.0,3.0,2.0,2.0,4.0,4.0,0.0,0.0,5.0,5.0,0.0,0.0,0.0,0.0,1.0,1.0,2.0,2.0,0.0,0.0,2.0,2.0,6.0,8.0,2.0,2.0,0.0,0.0,12.0,12.0,0.0,0.0,0.0,0.0,3.0,3.0,6.0,6.0
UP000464024,P0DTC8,5.0,5.0,5.0,5.0,5.0,5.0,7.0,7.0,3.0,3.0,4.0,4.0,1.0,1.0,13.0,15.0,85.0,199.0,2.0,2.0,13.0,118.0,5.0,6.0,5.0,5.0,11.0,115.0,0.0,0.0,1.0,1.0,7.0,8.0,3.0,3.0,0.0,0.0,2.0,2.0,15.0,119.0,14.0,118.0,0.0,0.0,0.0,0.0,6.0,6.0,2.0,2.0,2.0,2.0,14.0,16.0,3.0,3.0,4.0,4.0,2.0,2.0,9.0,10.0,3.0,3.0,3.0,3.0,12.0,116.0,4.0,5.0,0.0,0.0,5.0,5.0,7.0,9.0,0.0,0.0,5.0,5.0,1.0,1.0,0.0,0.0,0.0,0.0,13.0,118.0,34.0,142.0,0.0,0.0,0.0,0.0,5.0,6.0,0.0,0.0,10.0,114.0,0.0,0.0,4.0,4.0,0.0,0.0,40.0,149.0,2.0,2.0,12.0,117.0,5.0,5.0,9.0,10.0,3.0,4.0,3.0,3.0,4.0,4.0,5.0,5.0,0.0,0.0,0.0,0.0,15.0,119.0,0.0,0.0,0.0,0.0,2.0,2.0,8.0,9.0,18.0,124.0,0.0,0.0,0.0,0.0,0.0,0.0,2.0,2.0,0.0,0.0,3.0,3.0,0.0,0.0,2.0,2.0,1.0,1.0,19.0,125.0,1.0,1.0,2.0,2.0,6.0,6.0,10.0,114.0
UP000464024,P0DTC9,22.0,23.0,24.0,25.0,32.0,35.0,32.0,36.0,24.0,28.0,74.0,84.0,12.0,12.0,53.0,55.0,347.0,422.0,11.0,11.0,50.0,53.0,14.0,15.0,24.0,26.0,42.0,43.0,8.0,8.0,1.0,1.0,80.0,87.0,29.0,30.0,8.0,8.0,15.0,17.0,34.0,35.0,103.0,104.0,0.0,0.0,61.0,70.0,100.0,115.0,23.0,24.0,28.0,30.0,55.0,59.0,21.0,21.0,28.0,30.0,6.0,6.0,37.0,42.0,96.0,110.0,18.0,18.0,67.0,68.0,80.0,89.0,12.0,12.0,122.0,132.0,44.0,45.0,0.0,0.0,10.0,10.0,40.0,40.0,7.0,7.0,0.0,0.0,70.0,73.0,170.0,186.0,3.0,3.0,0.0,0.0,17.0,18.0,0.0,0.0,19.0,19.0,4.0,4.0,41.0,43.0,7.0,7.0,281.0,340.0,8.0,8.0,103.0,113.0,99.0,111.0,94.0,109.0,19.0,19.0,38.0,41.0,23.0,23.0,111.0,126.0,7.0,7.0,0.0,0.0,40.0,41.0,14.0,15.0,14.0,14.0,14.0,14.0,91.0,95.0,24.0,24.0,0.0,0.0,7.0,7.0,0.0,0.0,13.0,14.0,5.0,5.0,14.0,14.0,61.0,68.0,16.0,16.0,1.0,1.0,96.0,117.0,0.0,0.0,3.0,3.0,50.0,51.0,23.0,25.0
UP000464024,P0DTD1,132.0,155.0,170.0,185.0,115.0,132.0,305.0,344.0,168.0,178.0,112.0,125.0,11.0,11.0,240.0,269.0,895.0,1129.0,102.0,110.0,225.0,256.0,76.0,79.0,133.0,141.0,258.0,286.0,31.0,34.0,28.0,30.0,206.0,221.0,147.0,168.0,39.0,40.0,133.0,153.0,241.0,278.0,279.0,314.0,22.0,28.0,26.0,29.0,219.0,242.0,93.0,103.0,101.0,122.0,283.0,320.0,83.0,89.0,102.0,110.0,6.0,8.0,303.0,332.0,224.0,243.0,144.0,163.0,254.0,294.0,217.0,231.0,23.0,26.0,309.0,361.0,201.0,241.0,27.0,30.0,218.0,234.0,144.0,240.0,16.0,18.0,22.0,23.0,350.0,439.0,680.0,865.0,11.0,15.0,24.0,25.0,154.0,172.0,9.0,10.0,99.0,113.0,13.0,15.0,247.0,275.0,109.0,116.0,794.0,1009.0,102.0,109.0,243.0,276.0,274.0,315.0,172.0,190.0,94.0,107.0,217.0,285.0,213.0,239.0,223.0,252.0,21.0,22.0,17.0,18.0,301.0,344.0,34.0,39.0,22.0,24.0,89.0,100.0,261.0,381.0,91.0,110.0,18.0,19.0,36.0,39.0,29.0,29.0,41.0,42.0,26.0,32.0,166.0,195.0,114.0,121.0,150.0,169.0,35.0,36.0,198.0,228.0,5.0,5.0,40.0,51.0,124.0,142.0,241.0,274.0
UP000464024,P0DTD2,4.0,4.0,15.0,17.0,11.0,11.0,17.0,21.0,2.0,2.0,13.0,17.0,5.0,5.0,28.0,32.0,62.0,76.0,5.0,5.0,28.0,32.0,1.0,1.0,0.0,0.0,26.0,31.0,0.0,0.0,1.0,1.0,20.0,25.0,16.0,19.0,0.0,0.0,2.0,2.0,14.0,17.0,20.0,22.0,0.0,0.0,4.0,6.0,23.0,27.0,12.0,14.0,12.0,14.0,21.0,26.0,11.0,13.0,12.0,14.0,0.0,0.0,12.0,17.0,9.0,10.0,3.0,4.0,23.0,26.0,19.0,23.0,0.0,0.0,26.0,31.0,9.0,13.0,4.0,4.0,13.0,15.0,0.0,0.0,0.0,0.0,5.0,5.0,25.0,30.0,51.0,61.0,10.0,13.0,2.0,2.0,18.0,21.0,0.0,0.0,8.0,9.0,0.0,0.0,20.0,24.0,9.0,9.0,61.0,75.0,5.0,5.0,26.0,29.0,29.0,34.0,27.0,31.0,3.0,3.0,9.0,10.0,21.0,23.0,26.0,31.0,0.0,0.0,0.0,0.0,19.0,22.0,0.0,0.0,0.0,0.0,2.0,2.0,10.0,11.0,14.0,18.0,0.0,0.0,0.0,0.0,0.0,0.0,0.0,0.0,0.0,0.0,1.0,1.0,5.0,5.0,11.0,12.0,0.0,0.0,29.0,36.0,0.0,0.0,0.0,0.0,8.0,8.0,19.0,23.0
UP000464024,P0DTG1,9.0,12.0,6.0,11.0,13.0,16.0,6.0,7.0,0.0,0.0,0.0,0.0,0.0,0.0,0.0,0.0,46.0,55.0,6.0,7.0,9.0,12.0,0.0,0.0,6.0,7.0,0.0,0.0,0.0,0.0,0.0,0.0,13.0,16.0,10.0,11.0,0.0,0.0,6.0,7.0,9.0,12.0,0.0,0.0,0.0,0.0,0.0,0.0,0.0,0.0,0.0,0.0,6.0,7.0,0.0,0.0,0.0,0.0,0.0,0.0,4.0,5.0,6.0,7.0,25.0,32.0,0.0,0.0,13.0,16.0,19.0,22.0,0.0,0.0,6.0,7.0,0.0,0.0,0.0,0.0,18.0,21.0,0.0,0.0,0.0,0.0,0.0,0.0,0.0,0.0,17.0,20.0,0.0,0.0,0.0,0.0,0.0,0.0,4.0,5.0,3.0,5.0,0.0,0.0,0.0,0.0,12.0,15.0,26.0,35.0,11.0,13.0,13.0,16.0,16.0,18.0,8.0,10.0,0.0,0.0,0.0,0.0,13.0,16.0,6.0,7.0,0.0,0.0,0.0,0.0,7.0,13.0,6.0,7.0,0.0,0.0,9.0,12.0,0.0,0.0,0.0,0.0,0.0,0.0,0.0,0.0,0.0,0.0,0.0,0.0,0.0,0.0,0.0,0.0,6.0,7.0,0.0,0.0,0.0,0.0,0.0,0.0,0.0,0.0,0.0,0.0,0.0,0.0,11.0,13.0
UP000464024,A0A663DJA2,0.0,0.0,2.0,2.0,0.0,0.0,1.0,1.0,0.0,0.0,0.0,0.0,0.0,0.0,3.0,3.0,8.0,8.0,0.0,0.0,0.0,0.0,1.0,1.0,0.0,0.0,1.0,1.0,0.0,0.0,0.0,0.0,2.0,2.0,1.0,1.0,0.0,0.0,0.0,0.0,0.0,0.0,2.0,2.0,0.0,0.0,0.0,0.0,2.0,2.0,2.0,2.0,0.0,0.0,3.0,3.0,1.0,1.0,2.0,2.0,0.0,0.0,1.0,1.0,5.0,5.0,1.0,1.0,1.0,1.0,5.0,5.0,0.0,0.0,0.0,0.0,2.0,2.0,0.0,0.0,1.0,1.0,0.0,0.0,0.0,0.0,0.0,0.0,4.0,4.0,2.0,2.0,0.0,0.0,0.0,0.0,2.0,2.0,0.0,0.0,0.0,0.0,0.0,0.0,1.0,1.0,0.0,0.0,7.0,7.0,1.0,1.0,0.0,0.0,5.0,5.0,3.0,3.0,1.0,1.0,1.0,1.0,0.0,0.0,5.0,5.0,0.0,0.0,0.0,0.0,1.0,1.0,0.0,0.0,0.0,0.0,0.0,0.0,0.0,0.0,0.0,0.0,0.0,0.0,0.0,0.0,0.0,0.0,0.0,0.0,0.0,0.0,1.0,1.0,1.0,1.0,0.0,0.0,0.0,0.0,1.0,1.0,0.0,0.0,0.0,0.0,1.0,1.0,0.0,0.0
UP000464024,P0DTD3,0.0,0.0,13.0,13.0,0.0,0.0,0.0,0.0,0.0,0.0,10.0,10.0,0.0,0.0,8.0,8.0,55.0,59.0,0.0,0.0,6.0,6.0,0.0,0.0,0.0,0.0,15.0,15.0,0.0,0.0,0.0,0.0,1.0,1.0,3.0,3.0,0.0,0.0,3.0,3.0,7.0,7.0,12.0,12.0,0.0,0.0,0.0,0.0,14.0,14.0,1.0,1.0,2.0,2.0,8.0,8.0,5.0,5.0,3.0,3.0,0.0,0.0,4.0,4.0,2.0,2.0,0.0,0.0,0.0,0.0,0.0,0.0,0.0,0.0,2.0,2.0,18.0,18.0,0.0,0.0,3.0,3.0,0.0,0.0,1.0,1.0,1.0,1.0,14.0,14.0,19.0,19.0,0.0,0.0,0.0,0.0,0.0,0.0,0.0,0.0,2.0,2.0,0.0,0.0,3.0,3.0,0.0,0.0,28.0,28.0,0.0,0.0,5.0,5.0,14.0,14.0,5.0,5.0,8.0,8.0,7.0,7.0,0.0,0.0,11.0,11.0,0.0,0.0,0.0,0.0,17.0,17.0,0.0,0.0,0.0,0.0,0.0,0.0,15.0,15.0,5.0,5.0,0.0,0.0,0.0,0.0,0.0,0.0,0.0,0.0,0.0,0.0,11.0,11.0,0.0,0.0,5.0,5.0,0.0,0.0,12.0,12.0,0.0,0.0,0.0,0.0,7.0,7.0,3.0,3.0
UP000464024,P0DTD8,0.0,0.0,2.0,2.0,0.0,0.0,0.0,0.0,0.0,0.0,0.0,0.0,0.0,0.0,0.0,0.0,26.0,30.0,0.0,0.0,0.0,0.0,4.0,5.0,0.0,0.0,0.0,0.0,0.0,0.0,0.0,0.0,4.0,4.0,0.0,0.0,0.0,0.0,0.0,0.0,4.0,5.0,0.0,0.0,0.0,0.0,0.0,0.0,0.0,0.0,0.0,0.0,0.0,0.0,0.0,0.0,0.0,0.0,0.0,0.0,0.0,0.0,0.0,0.0,4.0,4.0,0.0,0.0,0.0,0.0,4.0,4.0,0.0,0.0,0.0,0.0,0.0,0.0,0.0,0.0,0.0,0.0,0.0,0.0,0.0,0.0,0.0,0.0,0.0,0.0,4.0,5.0,0.0,0.0,0.0,0.0,0.0,0.0,0.0,0.0,2.0,2.0,0.0,0.0,0.0,0.0,0.0,0.0,6.0,7.0,0.0,0.0,0.0,0.0,0.0,0.0,4.0,5.0,0.0,0.0,0.0,0.0,0.0,0.0,0.0,0.0,0.0,0.0,0.0,0.0,0.0,0.0,0.0,0.0,0.0,0.0,0.0,0.0,0.0,0.0,0.0,0.0,0.0,0.0,0.0,0.0,0.0,0.0,0.0,0.0,0.0,0.0,0.0,0.0,0.0,0.0,0.0,0.0,0.0,0.0,0.0,0.0,0.0,0.0,0.0,0.0,0.0,0.0,0.0,0.0
UP000464024,P0DTF1,0.0,0.0,0.0,0.0,0.0,0.0,0.0,0.0,0.0,0.0,0.0,0.0,0.0,0.0,0.0,0.0,6.0,6.0,0.0,0.0,0.0,0.0,0.0,0.0,0.0,0.0,0.0,0.0,0.0,0.0,0.0,0.0,0.0,0.0,0.0,0.0,0.0,0.0,0.0,0.0,0.0,0.0,0.0,0.0,0.0,0.0,0.0,0.0,0.0,0.0,0.0,0.0,0.0,0.0,0.0,0.0,0.0,0.0,0.0,0.0,0.0,0.0,0.0,0.0,0.0,0.0,0.0,0.0,0.0,0.0,0.0,0.0,0.0,0.0,0.0,0.0,0.0,0.0,0.0,0.0,0.0,0.0,0.0,0.0,0.0,0.0,0.0,0.0,0.0,0.0,0.0,0.0,0.0,0.0,0.0,0.0,0.0,0.0,0.0,0.0,0.0,0.0,0.0,0.0,0.0,0.0,0.0,0.0,6.0,6.0,0.0,0.0,0.0,0.0,5.0,5.0,0.0,0.0,0.0,0.0,0.0,0.0,0.0,0.0,0.0,0.0,0.0,0.0,0.0,0.0,0.0,0.0,0.0,0.0,0.0,0.0,0.0,0.0,1.0,1.0,0.0,0.0,0.0,0.0,0.0,0.0,0.0,0.0,0.0,0.0,0.0,0.0,0.0,0.0,0.0,0.0,0.0,0.0,0.0,0.0,0.0,0.0,0.0,0.0,0.0,0.0,0.0,0.0,0.0,0.0
UP000464024,P0DTG0,0.0,0.0,0.0,0.0,0.0,0.0,0.0,0.0,0.0,0.0,0.0,0.0,0.0,0.0,0.0,0.0,15.0,16.0,0.0,0.0,0.0,0.0,0.0,0.0,0.0,0.0,0.0,0.0,0.0,0.0,0.0,0.0,0.0,0.0,0.0,0.0,0.0,0.0,0.0,0.0,1.0,1.0,0.0,0.0,0.0,0.0,0.0,0.0,0.0,0.0,0.0,0.0,0.0,0.0,0.0,0.0,0.0,0.0,0.0,0.0,0.0,0.0,0.0,0.0,0.0,0.0,0.0,0.0,0.0,0.0,0.0,0.0,0.0,0.0,0.0,0.0,4.0,5.0,0.0,0.0,0.0,0.0,0.0,0.0,0.0,0.0,0.0,0.0,0.0,0.0,4.0,5.0,0.0,0.0,0.0,0.0,0.0,0.0,0.0,0.0,0.0,0.0,0.0,0.0,0.0,0.0,0.0,0.0,5.0,6.0,0.0,0.0,0.0,0.0,0.0,0.0,0.0,0.0,4.0,5.0,0.0,0.0,0.0,0.0,0.0,0.0,0.0,0.0,0.0,0.0,0.0,0.0,0.0,0.0,0.0,0.0,0.0,0.0,3.0,3.0,0.0,0.0,0.0,0.0,0.0,0.0,0.0,0.0,0.0,0.0,0.0,0.0,0.0,0.0,0.0,0.0,0.0,0.0,0.0,0.0,0.0,0.0,0.0,0.0,0.0,0.0,0.0,0.0,0.0,0.0
